SRA,Region,Zipcode,ZCTA,NumRCFE,NumRCFEBeds,NumRCFEInALWP,2012Pop65Over,2012Pop55Over,2030Pop65Over,2030Pop55Over,2012PopADOD55Over,2030PopADOD55Over,2012PopLowIncome55Over,2012PopLowIncome65Over,2012PopMinority,2012ADODPerRCFE,2030ADODPerRCFE,2012LowIncome65OverPerRCFE,2012LowIncome55OverADODRatio,PopMinorityPerRCFE,PopMinorityADODRatio
Vista,North Coastal,92081,92081,11,192.0,1,0,0,0,0,0,0,1535,860,0,0.0,0.0,0.0,0.0,0.0,0.0
Vista,North Coastal, 92083, 92083,15,201.0,0,0,0,0,0,0,0,0,0,0,0.0,0.0,0.0,0.0,0.0,0.0
Vista,North Coastal, 92084, 92084,46,568.0,0,0,0,0,0,0,0,0,0,0,0.0,0.0,0.0,0.0,0.0,0.0
Vista,North Coastal,00000,00000,72,961.0,1,10527,21056,18489,30059,2313,3165,1535,860,55995,32.13,43.96,11.94,0.66,777.71,24.21
Laguna-Pine Valley,East,91916,91916,0,0.0,0,0,0,0,0,0,0,113,47,0,0.0,0.0,0.0,0.0,0.0,0.0
Laguna-Pine Valley,East, 91931, 91931,0,0.0,0,0,0,0,0,0,0,0,0,0,0.0,0.0,0.0,0.0,0.0,0.0
Laguna-Pine Valley,East, 91948, 91948,0,0.0,0,0,0,0,0,0,0,0,0,0,0.0,0.0,0.0,0.0,0.0,0.0
Laguna-Pine Valley,East,00000,00000,0,0.0,0,940,2036,1902,3021,5,11,113,47,1428,999.0,999.0,999.0,22.6,999.0,285.6
Santee,East,92071,92071,12,197.0,0,0,0,0,0,0,0,2374,1479,0,0.0,0.0,0.0,0.0,0.0,0.0
Santee,East,00000,00000,12,197.0,0,6375,13028,13046,21084,1391,2175,2374,1479,11966,115.92,181.25,123.25,1.71,997.17,8.6
Pendleton,North Coastal,92055,92055,0,0.0,0,0,0,0,0,0,0,1,0,0,0.0,0.0,0.0,0.0,0.0,0.0
Pendleton,North Coastal, 92672, 92672,0,0.0,0,0,0,0,0,0,0,0,0,0,0.0,0.0,0.0,0.0,0.0,0.0
Pendleton,North Coastal,00000,00000,0,0.0,0,70,189,31,67,<5,0,1,0,11087,999.0,999.0,999.0,999.0,999.0,999.0
Valley Center,North Inland,92082,92082,6,35.0,0,0,0,0,0,0,0,1020,483,0,0.0,0.0,0.0,0.0,0.0,0.0
Valley Center,North Inland,00000,00000,6,35.0,0,4212,8000,10619,15011,263,535,1020,483,8147,43.83,89.17,80.5,3.88,1357.83,30.98
Kearny Mesa,North Central,92108,92108,4,227.0,0,0,0,0,0,0,0,605,278,0,0.0,0.0,0.0,0.0,0.0,0.0
Kearny Mesa,North Central, 92110, 92110,3,179.0,1,0,0,0,0,0,0,0,0,0,0.0,0.0,0.0,0.0,0.0,0.0
Kearny Mesa,North Central, 92111, 92111,9,51.0,0,0,0,0,0,0,0,0,0,0,0.0,0.0,0.0,0.0,0.0,0.0
Kearny Mesa,North Central, 92117, 92117,14,425.0,1,0,0,0,0,0,0,0,0,0,0.0,0.0,0.0,0.0,0.0,0.0
Kearny Mesa,North Central, 92123, 92123,12,69.0,0,0,0,0,0,0,0,0,0,0,0.0,0.0,0.0,0.0,0.0,0.0
Kearny Mesa,North Central,00000,00000,42,951.0,2,19635,36144,44478,65501,3369,6003,605,278,62632,80.21,142.93,6.62,0.18,1491.24,18.59
National City,South ,91950,91950,22,516.0,0,0,0,0,0,0,0,5239,2905,0,0.0,0.0,0.0,0.0,0.0,0.0
National City,South ,00000,00000,22,516.0,0,5924,11325,9993,16328,2188,3093,5239,2905,50835,99.45,140.59,132.05,2.39,2310.68,23.23
Mid City,Central,92105,92105,5,,1,0,0,0,0,0,0,5068,2276,0,0.0,0.0,0.0,0.0,0.0,0.0
Mid City,Central, 92115, 92115,17,605.0,0,0,0,0,0,0,0,0,0,0,0.0,0.0,0.0,0.0,0.0,0.0
Mid City,Central, 92116, 92116,0,0.0,0,0,0,0,0,0,0,0,0,0,0.0,0.0,0.0,0.0,0.0,0.0
Mid City,Central,00000,00000,22,605.0,1,0,0,0,0,0,0,5068,2276,0,0.0,0.0,103.45,999.0,0.0,999.0
Miramar,North Central,92145,92145,0,0.0,0,0,0,0,0,0,0,32,16,0,0.0,0.0,0.0,0.0,0.0,0.0
Miramar,North Central,00000,00000,0,0.0,0,4,13,0,2,<5,0,32,16,1724,999.0,999.0,999.0,999.0,999.0,999.0
Palomar-Julian,North Inland,92060,92060,0,0.0,0,0,0,0,0,0,0,0,0,0,0.0,0.0,0.0,0.0,0.0,0.0
Palomar-Julian,North Inland, 92066, 92066,0,0.0,0,0,0,0,0,0,0,0,0,0,0.0,0.0,0.0,0.0,0.0,0.0
Palomar-Julian,North Inland, 92070, 92070,0,0.0,0,0,0,0,0,0,0,0,0,0,0.0,0.0,0.0,0.0,0.0,0.0
Palomar-Julian,North Inland, 92086, 92086,0,0.0,0,0,0,0,0,0,0,0,0,0,0.0,0.0,0.0,0.0,0.0,0.0
Palomar-Julian,North Inland, 92536, 92536,0,0.0,0,0,0,0,0,0,0,0,0,0,0.0,0.0,0.0,0.0,0.0,0.0
Palomar-Julian,North Inland,00000,00000,0,0.0,0,1641,2961,3055,4244,54,69,0,0,1957,999.0,999.0,999.0,0.0,999.0,36.24
Poway,North Inland,92064,92064,43,401.0,0,0,0,0,0,0,0,1967,1239,0,0.0,0.0,0.0,0.0,0.0,0.0
Poway,North Inland, 92131, 92131,3,612.0,0,0,0,0,0,0,0,0,0,0,0.0,0.0,0.0,0.0,0.0,0.0
Poway,North Inland,00000,00000,46,1013.0,0,11796,24075,20510,33655,1420,1994,1967,1239,26332,30.87,43.35,26.93,1.39,572.43,18.54
Central San Diego,Central,92101,92101,3,260.0,1,0,0,0,0,0,0,3600,1970,0,0.0,0.0,0.0,0.0,0.0,0.0
Central San Diego,Central, 92102, 92102,2,6.0,0,0,0,0,0,0,0,0,0,0,0.0,0.0,0.0,0.0,0.0,0.0
Central San Diego,Central, 92103, 92103,3,400.0,0,0,0,0,0,0,0,0,0,0,0.0,0.0,0.0,0.0,0.0,0.0
Central San Diego,Central, 92104, 92104,1,9.0,0,0,0,0,0,0,0,0,0,0,0.0,0.0,0.0,0.0,0.0,0.0
Central San Diego,Central, 92134, 92134,0,0.0,0,0,0,0,0,0,0,0,0,0,0.0,0.0,0.0,0.0,0.0,0.0
Central San Diego,Central, 92136, 92113,0,0.0,0,0,0,0,0,0,0,0,0,0,0.0,0.0,0.0,0.0,0.0,0.0
Central San Diego,Central,00000,00000,9,675.0,1,16488,33540,41996,68917,3193,6424,3600,1970,79193,354.78,713.78,218.89,1.13,8799.22,24.8
South Bay,South ,91932,91932,7,50.0,0,0,0,0,0,0,0,1635,940,0,0.0,0.0,0.0,0.0,0.0,0.0
South Bay,South , 92154, 92154,12,40.0,0,0,0,0,0,0,0,0,0,0,0.0,0.0,0.0,0.0,0.0,0.0
South Bay,South , 92173, 92173,0,0.0,0,0,0,0,0,0,0,0,0,0,0.0,0.0,0.0,0.0,0.0,0.0
South Bay,South ,00000,00000,19,90.0,0,13336,26499,29368,51486,2022,3996,1635,940,112914,106.42,210.32,49.47,0.81,5942.84,55.84
Oceanside,North Coastal,92054,92054,10,176.0,0,0,0,0,0,0,0,1973,936,0,0.0,0.0,0.0,0.0,0.0,0.0
Oceanside,North Coastal, 92056, 92056,7,843.0,0,0,0,0,0,0,0,0,0,0,0.0,0.0,0.0,0.0,0.0,0.0
Oceanside,North Coastal, 92057, 92057,25,308.0,5,0,0,0,0,0,0,0,0,0,0.0,0.0,0.0,0.0,0.0,0.0
Oceanside,North Coastal, 92058, 92058,3,18.0,1,0,0,0,0,0,0,0,0,0,0.0,0.0,0.0,0.0,0.0,0.0
Oceanside,North Coastal,00000,00000,45,1345.0,6,18989,36354,35342,54179,2532,3920,1973,936,81428,56.27,87.11,20.8,0.78,1809.51,32.16
Del Mar-Mira Mesa,North Central,92014,92014,5,36.0,0,0,0,0,0,0,0,313,196,0,0.0,0.0,0.0,0.0,0.0,0.0
Del Mar-Mira Mesa,North Central, 92126, 92126,53,301.0,0,0,0,0,0,0,0,0,0,0,0.0,0.0,0.0,0.0,0.0,0.0
Del Mar-Mira Mesa,North Central, 92130, 92130,4,381.0,0,0,0,0,0,0,0,0,0,0,0.0,0.0,0.0,0.0,0.0,0.0
Del Mar-Mira Mesa,North Central,00000,00000,62,718.0,0,15392,35156,35375,63429,1654,3084,313,196,77735,26.68,49.74,3.16,0.19,1253.79,47.0
Harbison Crest/El Cajon,East,92019,92019,19,638.0,0,0,0,0,0,0,0,2352,1461,0,0.0,0.0,0.0,0.0,0.0,0.0
Harbison Crest/El Cajon,East, 92020, 92020,20,267.0,0,0,0,0,0,0,0,0,0,0,0.0,0.0,0.0,0.0,0.0,0.0
Harbison Crest/El Cajon,East, 92021, 92021,19,211.0,0,0,0,0,0,0,0,0,0,0,0.0,0.0,0.0,0.0,0.0,0.0
Harbison Crest/El Cajon,East,00000,00000,58,1116.0,0,0,0,0,0,0,0,2352,1461,0,0.0,0.0,25.19,999.0,0.0,999.0
Peninsula,North Central,92106,92106,6,69.0,0,0,0,0,0,0,0,811,479,0,0.0,0.0,0.0,0.0,0.0,0.0
Peninsula,North Central, 92107, 92107,1,6.0,0,0,0,0,0,0,0,0,0,0,0.0,0.0,0.0,0.0,0.0,0.0
Peninsula,North Central, 92140, 92140,0,0.0,0,0,0,0,0,0,0,0,0,0,0.0,0.0,0.0,0.0,0.0,0.0
Peninsula,North Central, 92147, 92147,0,0.0,0,0,0,0,0,0,0,0,0,0,0.0,0.0,0.0,0.0,0.0,0.0
Peninsula,North Central,00000,00000,7,75.0,0,7362,14328,14638,21563,905,1353,811,479,13527,129.29,193.29,68.43,0.9,1932.43,14.95
El Cajon,East,92019,92019,19,638.0,0,0,0,0,0,0,0,2352,1461,0,0.0,0.0,0.0,0.0,0.0,0.0
El Cajon,East, 92020, 92020,20,267.0,0,0,0,0,0,0,0,0,0,0,0.0,0.0,0.0,0.0,0.0,0.0
El Cajon,East,00000,00000,39,905.0,0,15593,29763,28185,43667,3702,5322,2352,1461,46618,94.92,136.46,37.46,0.64,1195.33,12.59
Escondido,North Inland,92025,92025,28,1138.0,1,0,0,0,0,0,0,2846,1435,0,0.0,0.0,0.0,0.0,0.0,0.0
Escondido,North Inland, 92026, 92026,35,1458.0,3,0,0,0,0,0,0,0,0,0,0.0,0.0,0.0,0.0,0.0,0.0
Escondido,North Inland, 92027, 92027,47,628.0,9,0,0,0,0,0,0,0,0,0,0.0,0.0,0.0,0.0,0.0,0.0
Escondido,North Inland, 92029, 92029,16,303.0,1,0,0,0,0,0,0,0,0,0,0.0,0.0,0.0,0.0,0.0,0.0
Escondido,North Inland, 92096, 92078,0,0.0,0,0,0,0,0,0,0,0,0,0,0.0,0.0,0.0,0.0,0.0,0.0
Escondido,North Inland,00000,00000,126,3527.0,14,18188,35705,30180,49288,3769,5205,2846,1435,91707,29.91,41.31,11.39,0.76,727.83,24.33
Alpine,East,91901,91901,4,62.0,0,0,0,0,0,0,0,861,465,0,0.0,0.0,0.0,0.0,0.0,0.0
Alpine,East,00000,00000,4,62.0,0,2404,4678,4994,7620,339,555,861,465,3316,84.75,138.75,116.25,2.54,829.0,9.78
North San Diego,North Inland,92091,92091,0,0.0,0,0,0,0,0,0,0,94,94,0,0.0,0.0,0.0,0.0,0.0,0.0
North San Diego,North Inland, 92127, 92127,10,758.0,0,0,0,0,0,0,0,0,0,0,0.0,0.0,0.0,0.0,0.0,0.0
North San Diego,North Inland, 92128, 92128,6,526.0,0,0,0,0,0,0,0,0,0,0,0.0,0.0,0.0,0.0,0.0,0.0
North San Diego,North Inland, 92129, 92129,11,396.0,0,0,0,0,0,0,0,0,0,0,0.0,0.0,0.0,0.0,0.0,0.0
North San Diego,North Inland,00000,00000,27,1680.0,0,14128,27382,26388,42128,2180,3376,94,94,41771,80.74,125.04,3.48,0.04,1547.07,19.16
San Dieguito,North Coastal,92007,92007,2,350.0,0,0,0,0,0,0,0,470,264,0,0.0,0.0,0.0,0.0,0.0,0.0
San Dieguito,North Coastal, 92024, 92024,19,635.0,0,0,0,0,0,0,0,0,0,0,0.0,0.0,0.0,0.0,0.0,0.0
San Dieguito,North Coastal, 92067, 92067,0,0.0,0,0,0,0,0,0,0,0,0,0,0.0,0.0,0.0,0.0,0.0,0.0
San Dieguito,North Coastal, 92075, 92075,4,148.0,0,0,0,0,0,0,0,0,0,0,0.0,0.0,0.0,0.0,0.0,0.0
San Dieguito,North Coastal,00000,00000,25,1133.0,0,14596,29078,25115,41195,1518,2207,470,264,18988,60.72,88.28,10.56,0.31,759.52,12.51
Lemon Grove,East,91945,91945,14,712.0,0,0,0,0,0,0,0,1809,921,0,0.0,0.0,0.0,0.0,0.0,0.0
Lemon Grove,East,00000,00000,14,712.0,0,3530,7041,5808,9810,1094,1517,1809,921,19670,78.14,108.36,65.79,1.65,1405.0,17.98
University,North Central,92121,92121,0,0.0,0,0,0,0,0,0,0,86,58,0,0.0,0.0,0.0,0.0,0.0,0.0
University,North Central, 92122, 92122,17,873.0,4,0,0,0,0,0,0,0,0,0,0.0,0.0,0.0,0.0,0.0,0.0
University,North Central, 92161, 92161,0,0.0,0,0,0,0,0,0,0,0,0,0,0.0,0.0,0.0,0.0,0.0,0.0
University,North Central,00000,00000,17,873.0,4,6446,10846,12832,18902,606,1064,86,58,31065,35.65,62.59,3.41,0.14,1827.35,51.26
Southeastern San Diego,Central,92113,92113,1,6.0,0,0,0,0,0,0,0,3768,2175,0,0.0,0.0,0.0,0.0,0.0,0.0
Southeastern San Diego,Central, 92114, 92114,56,214.0,0,0,0,0,0,0,0,0,0,0,0.0,0.0,0.0,0.0,0.0,0.0
Southeastern San Diego,Central, 92139, 92139,20,107.0,1,0,0,0,0,0,0,0,0,0,0.0,0.0,0.0,0.0,0.0,0.0
Southeastern San Diego,Central,00000,00000,77,327.0,1,0,0,0,0,0,0,3768,2175,137874,0.0,0.0,28.25,999.0,1790.57,999.0
Coronado,South ,92118,92118,2,120.0,0,0,0,0,0,0,0,519,260,0,0.0,0.0,0.0,0.0,0.0,0.0
Coronado,South , 92135, 92135,0,0.0,0,0,0,0,0,0,0,0,0,0,0.0,0.0,0.0,0.0,0.0,0.0
Coronado,South , 92155, 92155,0,0.0,0,0,0,0,0,0,0,0,0,0,0.0,0.0,0.0,0.0,0.0,0.0
Coronado,South ,00000,00000,2,120.0,0,3540,5982,6394,8587,401,568,519,260,5540,200.5,284.0,130.0,1.29,2770.0,13.82
Elliot-Navajo,North Central,92119,92119,22,116.0,0,0,0,0,0,0,0,1496,957,0,0.0,0.0,0.0,0.0,0.0,0.0
Elliot-Navajo,North Central, 92120, 92120,10,66.0,1,0,0,0,0,0,0,0,0,0,0.0,0.0,0.0,0.0,0.0,0.0
Elliot-Navajo,North Central, 92124, 92124,4,24.0,0,0,0,0,0,0,0,0,0,0,0.0,0.0,0.0,0.0,0.0,0.0
Elliot-Navajo,North Central,00000,00000,36,206.0,1,0,0,0,0,0,0,1496,957,0,0.0,0.0,26.58,999.0,0.0,999.0
Pauma,North Inland,92059,92059,0,0.0,0,0,0,0,0,0,0,72,39,0,0.0,0.0,0.0,0.0,0.0,0.0
Pauma,North Inland, 92061, 92061,0,0.0,0,0,0,0,0,0,0,0,0,0,0.0,0.0,0.0,0.0,0.0,0.0
Pauma,North Inland,00000,00000,0,0.0,0,840,1771,1513,2454,48,66,72,39,4790,999.0,999.0,999.0,1.5,999.0,99.79
Ramona,North Inland,92065,92065,6,65.0,0,0,0,0,0,0,0,1740,806,0,0.0,0.0,0.0,0.0,0.0,0.0
Ramona,North Inland,00000,00000,6,65.0,0,4304,9472,8432,14018,793,1074,1740,806,10020,132.17,179.0,134.33,2.19,1670.0,12.64
Jamul,East,91917,91917,0,0.0,0,0,0,0,0,0,0,57,57,0,0.0,0.0,0.0,0.0,0.0,0.0
Jamul,East, 91935, 91935,2,12.0,0,0,0,0,0,0,0,0,0,0,0.0,0.0,0.0,0.0,0.0,0.0
Jamul,East, 91978, 91978,0,0.0,0,0,0,0,0,0,0,0,0,0,0.0,0.0,0.0,0.0,0.0,0.0
Jamul,East,00000,00000,2,12.0,0,2148,4777,6050,10292,212,533,57,57,8182,106.0,266.5,28.5,0.27,4091.0,38.59
Anza-Borrego Springs,North Inland,92004,92004,1,6.0,0,0,0,0,0,0,0,532,447,0,0.0,0.0,0.0,0.0,0.0,0.0
Anza-Borrego Springs,North Inland, 92036, 92036,1,6.0,0,0,0,0,0,0,0,0,0,0,0.0,0.0,0.0,0.0,0.0,0.0
Anza-Borrego Springs,North Inland, 92259, 92259,0,0.0,0,0,0,0,0,0,0,0,0,0,0.0,0.0,0.0,0.0,0.0,0.0
Anza-Borrego Springs,North Inland,00000,00000,2,12.0,0,1554,2385,2247,3044,88,113,532,447,2414,44.0,56.5,223.5,6.05,1207.0,27.43
Lakeside,East,92040,92040,14,112.0,1,0,0,0,0,0,0,2065,1354,0,0.0,0.0,0.0,0.0,0.0,0.0
Lakeside,East,00000,00000,14,112.0,1,6774,14076,13648,21285,1044,1673,2065,1354,14115,74.57,119.5,96.71,1.98,1008.21,13.52
Sweetwater,South ,91902,91902,24,113.0,0,0,0,0,0,0,0,971,528,0,0.0,0.0,0.0,0.0,0.0,0.0
Sweetwater,South , 91913, 91913,7,318.0,0,0,0,0,0,0,0,0,0,0,0.0,0.0,0.0,0.0,0.0,0.0
Sweetwater,South , 91914, 91914,5,201.0,0,0,0,0,0,0,0,0,0,0,0.0,0.0,0.0,0.0,0.0,0.0
Sweetwater,South , 91915, 91915,2,4.0,0,0,0,0,0,0,0,0,0,0,0.0,0.0,0.0,0.0,0.0,0.0
Sweetwater,South ,00000,00000,38,636.0,0,12461,26231,31002,55381,827,1815,971,528,103418,21.76,47.76,13.89,1.17,2721.53,125.05
La Mesa,East,91941,91941,14,207.0,0,0,0,0,0,0,0,1493,865,0,0.0,0.0,0.0,0.0,0.0,0.0
La Mesa,East, 91942, 91942,20,1214.0,0,0,0,0,0,0,0,0,0,0,0.0,0.0,0.0,0.0,0.0,0.0
La Mesa,East,00000,00000,34,1421.0,0,9043,16239,16534,23968,2282,3396,1493,865,20705,67.12,99.88,25.44,0.65,608.97,9.07
Fallbrook,North Inland,92003,92003,3,13.0,0,0,0,0,0,0,0,179,73,0,0.0,0.0,0.0,0.0,0.0,0.0
Fallbrook,North Inland, 92028, 92028,21,342.0,0,0,0,0,0,0,0,0,0,0,0.0,0.0,0.0,0.0,0.0,0.0
Fallbrook,North Inland, 92088, 92088,0,0.0,0,0,0,0,0,0,0,0,0,0,0.0,0.0,0.0,0.0,0.0,0.0
Fallbrook,North Inland, 92592, 92592,0,0.0,0,0,0,0,0,0,0,0,0,0,0.0,0.0,0.0,0.0,0.0,0.0
Fallbrook,North Inland,00000,00000,24,355.0,0,8759,15238,14607,21169,717,1049,179,73,20511,29.88,43.71,3.04,0.25,854.63,28.61
Coastal,North Central,92037,92037,25,994.0,0,0,0,0,0,0,0,1525,989,0,0.0,0.0,0.0,0.0,0.0,0.0
Coastal,North Central, 92093, 92109,0,0.0,0,0,0,0,0,0,0,0,0,0,0.0,0.0,0.0,0.0,0.0,0.0
Coastal,North Central,00000,00000,25,994.0,0,12661,20508,24356,34457,1068,1834,1525,989,13120,42.72,73.36,39.56,1.43,524.8,12.28
San Marcos,North Inland,92069,92069,22,144.0,0,0,0,0,0,0,0,2440,1399,0,0.0,0.0,0.0,0.0,0.0,0.0
San Marcos,North Inland, 92078, 92078,12,632.0,1,0,0,0,0,0,0,0,0,0,0.0,0.0,0.0,0.0,0.0,0.0
San Marcos,North Inland,00000,00000,34,776.0,1,12137,21239,21801,32029,1207,1894,2440,1399,43799,35.5,55.71,41.15,2.02,1288.21,36.29
Chula Vista,South ,91910,91910,28,1666.0,1,0,0,0,0,0,0,4236,2610,0,0.0,0.0,0.0,0.0,0.0,0.0
Chula Vista,South , 91911, 91911,19,145.0,0,0,0,0,0,0,0,0,0,0,0.0,0.0,0.0,0.0,0.0,0.0
Chula Vista,South ,00000,00000,47,1811.0,1,14692,26362,23252,36011,2912,4131,4236,2610,92340,61.96,87.89,55.53,1.45,1964.68,31.71
Mountain Empire,East,91905,91905,0,0.0,0,0,0,0,0,0,0,127,59,0,0.0,0.0,0.0,0.0,0.0,0.0
Mountain Empire,East, 91906, 91906,0,0.0,0,0,0,0,0,0,0,0,0,0,0.0,0.0,0.0,0.0,0.0,0.0
Mountain Empire,East, 91934, 91934,0,0.0,0,0,0,0,0,0,0,0,0,0,0.0,0.0,0.0,0.0,0.0,0.0
Mountain Empire,East, 91962, 91962,0,0.0,0,0,0,0,0,0,0,0,0,0,0.0,0.0,0.0,0.0,0.0,0.0
Mountain Empire,East, 91963, 91963,0,0.0,0,0,0,0,0,0,0,0,0,0,0.0,0.0,0.0,0.0,0.0,0.0
Mountain Empire,East, 91980, 91980,0,0.0,0,0,0,0,0,0,0,0,0,0,0.0,0.0,0.0,0.0,0.0,0.0
Mountain Empire,East,00000,00000,0,0.0,0,1367,2574,2358,3525,128,190,127,59,4100,999.0,999.0,999.0,0.99,999.0,32.03
Spring Valley,East,91977,91977,23,584.0,0,0,0,0,0,0,0,2970,1698,0,0.0,0.0,0.0,0.0,0.0,0.0
Spring Valley,East, 92077, 92077,0,0.0,0,0,0,0,0,0,0,0,0,0,0.0,0.0,0.0,0.0,0.0,0.0
Spring Valley,East,00000,00000,23,584.0,0,10035,20146,15690,27166,1858,2433,2970,1698,40586,80.78,105.78,73.83,1.6,1764.61,21.84
Carlsbad,North Coastal,92008,92008,19,1059.0,0,0,0,0,0,0,0,1594,992,0,0.0,0.0,0.0,0.0,0.0,0.0
Carlsbad,North Coastal, 92009, 92009,21,1517.0,1,0,0,0,0,0,0,0,0,0,0.0,0.0,0.0,0.0,0.0,0.0
Carlsbad,North Coastal, 92010, 92010,0,0.0,0,0,0,0,0,0,0,0,0,0,0.0,0.0,0.0,0.0,0.0,0.0
Carlsbad,North Coastal, 92011, 92011,2,12.0,0,0,0,0,0,0,0,0,0,0,0.0,0.0,0.0,0.0,0.0,0.0
Carlsbad,North Coastal,00000,00000,42,2588.0,1,19166,34421,38651,55717,1622,2710,1594,992,28252,38.62,64.52,23.62,0.98,672.67,17.42
